AB10,57.13514,-2.11731
AB11,57.13875,-2.09089
AB12,57.101,-2.1106
AB13,57.10801,-2.23776
AB14,57.10076,-2.27073
AB15,57.13868,-2.16525
AB16,57.16115,-2.15543
AB21,57.2096,-2.20033
AB22,57.18724,-2.11913
AB23,57.21242,-2.08776
AB24,57.16284,-2.11228
AB25,57.15311,-2.11241
AB30,56.84678,-2.47712
AB31,57.07479,-2.52623
AB32,57.15545,-2.31742
AB33,57.22464,-2.74203
AB34,57.09393,-2.81204
AB35,57.03829,-3.14869
AB36,57.19715,-3.06589
AB37,57.33098,-3.35051
AB38,57.48589,-3.2261
AB39,56.97778,-2.21718
AB41,57.37592,-2.10478
AB42,57.50079,-1.88819
AB43,57.65714,-2.04358
AB44,57.66877,-2.49122
AB45,57.65139,-2.56639
AB51,57.28907,-2.40485
AB52,57.34396,-2.60651
AB53,57.52537,-2.3941
AB54,57.45361,-2.76333
AB55,57.5239,-2.99024
AB56,57.67442,-2.92559
AL1,51.74836,-0.32237
AL10,51.75958,-0.2292
AL2,51.72064,-0.33353
AL3,51.77781,-0.37057
AL4,51.77133,-0.29398
AL5,51.81622,-0.35177
AL6,51.83104,-0.19737
AL7,51.79669,-0.18569
AL8,51.80334,-0.20863
AL9,51.74472,-0.19791
B1,52.47872,-1.90723
B10,52.46967,-1.8513
B11,52.4544,-1.85871
B12,52.45982,-1.88225
B13,52.43644,-1.8779
B14,52.41757,-1.88824
B15,52.46615,-1.92345
B16,52.47604,-1.93374
B17,52.46077,-1.96026
B18,52.49132,-1.92341
B19,52.4967,-1.90425
B2,52.47871,-1.89692
B20,52.51379,-1.91747
B21,52.50661,-1.93959
B23,52.52812,-1.85405
B24,52.51909,-1.82755
B25,52.46513,-1.8204
B26,52.46059,-1.78951
B27,52.44446,-1.82196
B28,52.4265,-1.84115
B29,52.43739,-1.94704
B3,52.48051,-1.90134
B30,52.42209,-1.92794
B31,52.40772,-1.97207
B32,52.44819,-1.99264
B33,52.48036,-1.78647
B34,52.49564,-1.78051
B35,52.51903,-1.78776
B36,52.50373,-1.77899
B37,52.47847,-1.74083
B38,52.39962,-1.93385
B4,52.48231,-1.89397
B40,52.45865,-1.72181
B42,52.53357,-1.91154
B43,52.54797,-1.92921
B44,52.54523,-1.88349
B45,52.38795,-2.00882
B46,52.50803,-1.69351
B47,52.38699,-1.8795
B48,52.35557,-1.9486
B49,52.21704,-1.86679
B5,52.46972,-1.89547
B50,52.16847,-1.85377
B6,52.50388,-1.88508
B60,52.3259,-2.04989
B61,52.34477,-2.06753
B62,52.45628,-2.03238
B63,52.45177,-2.06622
B64,52.47244,-2.06773
B65,52.48325,-2.04271
B66,52.49314,-1.96465
B67,52.48595,-1.97644
B68,52.47876,-2
B69,52.50213,-2.02799
B7,52.49307,-1.87185
B70,52.52012,-2.00295
B71,52.5354,-1.98968
B72,52.55145,-1.82153
B73,52.55238,-1.84217
B74,52.58297,-1.8583
B75,52.5784,-1.80813
B76,52.5451,-1.78616
B77,52.61855,-1.66762
B78,52.60598,-1.67362
B79,52.65005,-1.68069
B8,52.49034,-1.84092
B80,52.27641,-1.89593
B9,52.47776,-1.84833
B90,52.4004,-1.82361
B91,52.41382,-1.78238
B92,52.43628,-1.77345
B93,52.38048,-1.74288
B94,52.3509,-1.7915
B95,52.28524,-1.78008
B96,52.25217,-1.96044
B97,52.29893,-1.95454
B98,52.3034,-1.91346
BA1,51.39109,-2.35934
BA10,51.11291,-2.44576
BA11,51.23652,-2.32519
BA12,51.17117,-2.1874
BA13,51.26201,-2.17917
BA14,51.31863,-2.20092
BA15,51.35088,-2.26425
BA16,51.12489,-2.74313
BA2,51.35957,-2.37633
BA20,50.93753,-2.64193
BA21,50.95107,-2.63358
BA22,50.96814,-2.63666
BA3,51.27468,-2.47313
BA4,51.17102,-2.53073
BA5,51.21266,-2.65291
BA6,51.14042,-2.70478
BA7,51.08833,-2.51835
BA8,50.99883,-2.41046
BA9,51.05729,-2.40955
BB1,53.75625,-2.46265
BB10,53.79919,-2.21865
BB11,53.78294,-2.25196
BB12,53.80353,-2.29005
BB18,53.91433,-2.17053
BB2,53.74171,-2.50039
BB3,53.69781,-2.46503
BB4,53.70376,-2.28936
BB5,53.75477,-2.37162
BB6,53.79238,-2.41598
BB7,53.87338,-2.38636
BB8,53.85771,-2.1627
BB9,53.83695,-2.21429
BD1,53.79554,-1.75252
BD10,53.83143,-1.72496
BD11,53.75131,-1.67543
BD12,53.74611,-1.76039
BD13,53.78582,-1.85883
BD14,53.78217,-1.81635
BD15,53.80917,-1.83597
BD16,53.84871,-1.83278
BD17,53.84681,-1.76742
BD18,53.83154,-1.77662
BD19,53.72713,-1.712
BD2,53.81438,-1.73418
BD20,53.89646,-1.94673
BD21,53.86407,-1.90571
BD22,53.84522,-1.95288
BD23,53.99264,-2.05339
BD24,54.07773,-2.27361
BD3,53.79818,-1.72669
BD4,53.77569,-1.71773
BD5,53.77847,-1.75717
BD6,53.76414,-1.78305
BD7,53.78301,-1.78143
BD8,53.80099,-1.78134
BD9,53.81179,-1.78888
BH1,50.72427,-1.85973
BH10,50.75847,-1.89082
BH11,50.76119,-1.91634
BH12,50.73692,-1.9263
BH13,50.70993,-1.91785
BH14,50.72164,-1.94333
BH15,50.72165,-1.98442
BH16,50.73783,-2.04394
BH17,50.74593,-1.97449
BH18,50.75853,-1.99291
BH19,50.61102,-1.9689
BH2,50.72159,-1.88099
BH20,50.68648,-2.14582
BH21,50.81248,-1.97303
BH22,50.80524,-1.88787
BH23,50.74567,-1.75335
BH24,50.84377,-1.78551
BH25,50.75173,-1.65692
BH3,50.73508,-1.87954
BH31,50.87537,-1.87207
BH4,50.72071,-1.89799
BH5,50.72513,-1.83422
BH6,50.72688,-1.80446
BH7,50.73502,-1.83135
BH8,50.74044,-1.85118
BH9,50.74946,-1.871
BL0,53.64526,-2.31468
BL1,53.59002,-2.44421
BL2,53.58749,-2.39432
BL3,53.56489,-2.43186
BL4,53.54702,-2.39999
BL5,53.54928,-2.51473
BL6,53.59142,-2.53941
BL7,53.62965,-2.42194
BL8,53.60478,-2.32647
BL9,53.5914,-2.28557
BN1,50.839,-0.13786
BN10,50.7953,0.00232
BN11,50.81288,-0.37599
BN12,50.81354,-0.42423
BN13,50.83037,-0.40521
BN14,50.83181,-0.37959
BN15,50.83013,-0.32426
BN16,50.81446,-0.49377
BN17,50.81408,-0.53495
BN18,50.84881,-0.57933
BN2,50.82405,-0.10296
BN20,50.77449,0.25536
BN21,50.77228,0.27653
BN22,50.78832,0.2844
BN23,50.79764,0.31325
BN24,50.81618,0.3312
BN25,50.77633,0.10932
BN26,50.82098,0.22352
BN27,50.87146,0.2643
BN3,50.83419,-0.17498
BN41,50.8402,-0.21452
BN42,50.83686,-0.23169
BN43,50.83557,-0.26583
BN44,50.89036,-0.3221
BN45,50.8892,-0.18421
BN5,50.92645,-0.26815
BN6,50.92918,-0.15276
BN7,50.87719,0.00014
BN8,50.91318,0.05148
BN9,50.79536,0.05058
BR1,51.41107,0.02192
BR2,51.38858,0.02237
BR3,51.40297,-0.0302
BR4,51.37559,-0.00695
BR5,51.38983,0.10436
BR6,51.36575,0.0932
BR7,51.41019,0.07222
BR8,51.39751,0.1766
BS1,51.45309,-2.593
BS10,51.50606,-2.60954
BS11,51.49672,-2.67425
BS13,51.41163,-2.61116
BS14,51.41278,-2.56084
BS15,51.4589,-2.50527
BS16,51.48496,-2.50988
BS2,51.45945,-2.58013
BS20,51.47916,-2.75176
BS21,51.43443,-2.84886
BS22,51.36008,-2.92936
BS23,51.34266,-2.97065
BS24,51.32769,-2.93158
BS25,51.32039,-2.82522
BS26,51.27971,-2.85461
BS27,51.27131,-2.76987
BS28,51.22515,-2.81349
BS29,51.33081,-2.87709
BS3,51.43776,-2.60144
BS30,51.44465,-2.47201
BS31,51.4077,-2.49176
BS32,51.54228,-2.55955
BS34,51.52338,-2.56364
BS35,51.59629,-2.54866
BS36,51.52553,-2.48582
BS37,51.53928,-2.41675
BS39,51.32749,-2.53109
BS4,51.43437,-2.56111
BS40,51.34644,-2.69071
BS41,51.42221,-2.65158
BS48,51.42523,-2.748
BS49,51.3798,-2.81767
BS5,51.4614,-2.54992
BS6,51.47015,-2.59898
BS7,51.48643,-2.58047
BS8,51.45745,-2.62041
BS9,51.4871,-2.62513
BS99,51.45769,-2.57291
BT1,54.59941,-5.92838
BT10,54.55983,-5.98338
BT11,54.57556,-5.9973
BT12,54.59223,-5.95557
BT13,54.60563,-5.95842
BT14,54.62082,-5.96144
BT15,54.62362,-5.93071
BT16,54.591,-5.79746
BT17,54.55423,-6.01688
BT18,54.64154,-5.82079
BT19,54.6517,-5.66663
BT2,54.59309,-5.92932
BT20,54.65808,-5.6641
BT21,54.63826,-5.54448
BT22,54.5032,-5.51886
BT23,54.56301,-5.71437
BT24,54.41683,-5.87232
BT25,54.39545,-6.11078
BT26,54.45201,-6.06088
BT27,54.51004,-6.02027
BT28,54.52305,-6.08804
BT29,54.62018,-6.1939
BT3,54.61999,-5.90401
BT30,54.33396,-5.70444
BT31,54.27783,-5.96992
BT32,54.33502,-6.24483
BT33,54.22095,-5.89385
BT34,54.15466,-6.18034
BT35,54.16501,-6.44355
BT36,54.67682,-5.95448
BT37,54.67658,-5.90634
BT38,54.7295,-5.79799
BT39,54.74491,-6.0171
BT4,54.6023,-5.86668
BT40,54.84659,-5.82146
BT41,54.73301,-6.25997
BT42,54.85458,-6.28215
BT43,54.89024,-6.26565
BT44,54.97416,-6.28394
BT45,54.76045,-6.63935
BT46,54.86568,-6.66393
BT47,54.97386,-7.21151
BT48,55.00933,-7.32731
BT49,55.04774,-6.95153
BT5,54.5887,-5.87004
BT51,55.05761,-6.68
BT52,55.13423,-6.65285
BT53,55.08519,-6.47305
BT54,55.19997,-6.25787
BT55,55.17971,-6.71005
BT56,55.19824,-6.64932
BT57,55.2014,-6.51755
BT6,54.57974,-5.89706
BT60,54.29219,-6.64951
BT61,54.3679,-6.62264
BT62,54.41256,-6.46416
BT63,54.40362,-6.38916
BT64,54.44938,-6.39252
BT65,54.44496,-6.36581
BT66,54.45514,-6.33292
BT67,54.48713,-6.26832
BT68,54.36626,-6.84743
BT69,54.42425,-6.94843
BT7,54.58158,-5.92356
BT70,54.51495,-6.88672
BT71,54.51322,-6.70402
BT74,54.3432,-7.66425
BT75,54.37531,-7.31559
BT76,54.41941,-7.19167
BT77,54.42711,-7.11701
BT78,54.57165,-7.37371
BT79,54.62422,-7.20073
BT8,54.53994,-5.90409
BT80,54.64464,-6.74869
BT81,54.69395,-7.61369
BT82,54.82576,-7.42777
BT9,54.57176,-5.94894
BT92,54.22294,-7.46184
BT93,54.4651,-7.8264
BT94,54.37595,-7.54078
CA1,54.88535,-2.91046
CA10,54.61104,-2.65966
CA11,54.66422,-2.78611
CA12,54.60214,-3.13326
CA13,54.65997,-3.36589
CA14,54.63454,-3.53704
CA15,54.71165,-3.48096
CA16,54.57413,-2.48269
CA17,54.47841,-2.35037
CA18,54.35408,-3.38958
CA19,54.38651,-3.38297
CA2,54.88415,-2.9494
CA20,54.40987,-3.46081
CA21,54.44516,-3.51451
CA22,54.48001,-3.53123
CA23,54.51465,-3.49236
CA24,54.51493,-3.54181
CA25,54.52243,-3.51737
CA26,54.54445,-3.48108
CA27,54.49091,-3.59186
CA28,54.54324,-3.57689
CA3,54.9076,-2.93904
CA4,54.84636,-2.83326
CA5,54.85485,-3.0157
CA6,54.99423,-2.8926
CA7,54.80696,-3.23702
CA8,54.93895,-2.68531
CA9,54.80176,-2.4185
CB1,52.17611,0.18955
CB10,52.02989,0.26551
CB11,51.99938,0.21443
CB2,52.16276,0.13333
CB21,52.13194,0.29553
CB22,52.12718,0.12898
CB23,52.21349,-0.02215
CB24,52.31538,0.02762
CB25,52.26083,0.23615
CB3,52.21324,0.02448
CB4,52.24312,0.11521
CB5,52.23868,0.21021
CB6,52.40388,0.22434
CB7,52.36606,0.32087
CB8,52.23083,0.42659
CB9,52.08212,0.44187
CF10,51.47387,-3.17648
CF11,51.47281,-3.19229
CF14,51.51947,-3.20216
CF15,51.53401,-3.27319
CF23,51.5155,-3.15016
CF24,51.48479,-3.16379
CF3,51.51947,-3.11134
CF31,51.50876,-3.57514
CF32,51.55992,-3.58268
CF33,51.52424,-3.69101
CF34,51.61024,-3.65087
CF35,51.52211,-3.51793
CF36,51.48456,-3.69818
CF37,51.6026,-3.33288
CF38,51.56034,-3.33164
CF39,51.60153,-3.42382
CF40,51.62009,-3.45041
CF41,51.64758,-3.48164
CF42,51.66685,-3.52132
CF43,51.65788,-3.44872
CF44,51.71802,-3.45788
CF45,51.66882,-3.36085
CF46,51.66501,-3.3
CF47,51.75139,-3.37492
CF48,51.74067,-3.3688
CF5,51.48219,-3.2415
CF61,51.40748,-3.47962
CF62,51.40412,-3.30841
CF63,51.4119,-3.25542
CF64,51.43328,-3.18838
CF71,51.46176,-3.45402
CF72,51.52989,-3.39852
CF81,51.6998,-3.24311
CF82,51.65132,-3.236
CF83,51.58587,-3.2169
CH1,53.20173,-2.90732
CH2,53.2164,-2.86869
CH3,53.1664,-2.8213
CH4,53.16823,-2.93803
CH41,53.39402,-3.03022
CH42,53.37433,-3.02073
CH43,53.38299,-3.05853
CH44,53.41554,-3.03676
CH45,53.42801,-3.05061
CH46,53.40319,-3.11018
CH47,53.39634,-3.16866
CH48,53.37116,-3.16947
CH49,53.38079,-3.10208
CH5,53.20424,-3.04064
CH6,53.25003,-3.14518
CH60,53.32602,-3.09466
CH61,53.34754,-3.10122
CH62,53.33421,-2.98072
CH63,53.34474,-3.01101
CH64,53.28779,-3.04717
CH65,53.27729,-2.90142
CH66,53.27704,-2.93442
CH7,53.16924,-3.13256
CH8,53.28144,-3.24053
CM0,51.66221,0.83719
CM1,51.74454,0.45694
CM11,51.62335,0.44605
CM12,51.62757,0.41593
CM13,51.61564,0.33872
CM14,51.61835,0.29263
CM15,51.64328,0.30545
CM16,51.69981,0.12161
CM17,51.77043,0.14522
CM18,51.75584,0.10685
CM19,51.76,0.07515
CM2,51.72141,0.48754
CM20,51.77476,0.10483
CM21,51.81177,0.14718
CM22,51.86164,0.22218
CM23,51.87178,0.16021
CM24,51.8988,0.20657
CM3,51.71932,0.58445
CM4,51.67392,0.39235
CM5,51.72083,0.24857
CM6,51.8768,0.36678
CM7,51.89752,0.53797
CM77,51.86224,0.52554
CM8,51.80536,0.6387
CM9,51.74097,0.70159
CO1,51.88891,0.9096
CO10,52.05706,0.72355
CO11,51.94126,1.0789
CO12,51.93115,1.25427
CO13,51.83802,1.23884
CO14,51.84979,1.26873
CO15,51.7962,1.15605
CO16,51.82039,1.1258
CO2,51.86947,0.89527
CO3,51.88466,0.86281
CO4,51.90654,0.92383
CO5,51.81459,0.82209
CO6,51.92419,0.78968
CO7,51.8838,1.0052
CO8,51.97328,0.76797
CO9,51.96878,0.61043
CR0,51.37223,-0.07463
CR2,51.34983,-0.07988
CR3,51.28687,-0.07964
CR4,51.40415,-0.15813
CR5,51.31211,-0.13886
CR6,51.30799,-0.05149
CR7,51.39517,-0.10242
CR8,51.33594,-0.11061
CR9,51.37223,-0.07463
CT1,51.27719,1.08733
CT10,51.36208,1.43073
CT11,51.33557,1.41438
CT12,51.34216,1.37322
CT13,51.26692,1.33042
CT14,51.21582,1.38689
CT15,51.17109,1.28343
CT16,51.13996,1.30267
CT17,51.12845,1.29613
CT18,51.11447,1.15078
CT19,51.08785,1.1704
CT2,51.29261,1.08262
CT20,51.07899,1.16551
CT21,51.07233,1.07795
CT3,51.27743,1.21213
CT4,51.22462,1.06805
CT5,51.35318,1.03641
CT6,51.3642,1.13054
CT7,51.37122,1.30062
CT8,51.37996,1.3415
CT9,51.38304,1.3906
CV1,52.40939,-1.506
CV10,52.52535,-1.50028
CV11,52.51885,-1.45318
CV12,52.47399,-1.47288
CV13,52.61217,-1.41362
CV2,52.4227,-1.46467
CV21,52.36774,-1.27438
CV22,52.35522,-1.28633
CV23,52.36165,-1.30826
CV3,52.3931,-1.48119
CV31,52.27819,-1.52358
CV32,52.2962,-1.53072
CV33,52.25735,-1.48424
CV34,52.2829,-1.57924
CV35,52.229,-1.5944
CV36,52.06726,-1.62504
CV37,52.1853,-1.71328
CV4,52.39794,-1.56492
CV47,52.23349,-1.38494
CV5,52.41227,-1.55008
CV6,52.43188,-1.50722
CV7,52.44378,-1.563
CV8,52.3511,-1.54336
CV9,52.58493,-1.55864
CW1,53.10281,-2.43469
CW10,53.18907,-2.44604
CW11,53.1426,-2.36482
CW12,53.16455,-2.21093
CW2,53.08119,-2.44642
CW3,52.99952,-2.40534
CW4,53.20648,-2.34739
CW5,53.062,-2.52084
CW6,53.16197,-2.66565
CW7,53.19054,-2.52688
CW8,53.2533,-2.56363
CW9,53.25897,-2.50074
DA1,51.44637,0.20915
DA10,51.44445,0.30837
DA11,51.43455,0.35392
DA12,51.42757,0.38809
DA13,51.38235,0.35555
DA14,51.42475,0.11316
DA15,51.44029,0.09948
DA16,51.4644,0.10923
DA17,51.48706,0.14917
DA18,51.49165,0.14363
DA2,51.4315,0.23433
DA3,51.38417,0.30965
DA4,51.39106,0.23236
DA5,51.44033,0.14698
DA6,51.45484,0.14046
DA7,51.46552,0.14672
DA8,51.47574,0.17745
DA9,51.44771,0.27975
DD1,56.4611,-2.97702
DD10,56.74724,-2.4268
DD11,56.57312,-2.59738
DD2,56.46968,-3.02756
DD3,56.48257,-2.98894
DD4,56.48209,-2.93534
DD5,56.47812,-2.86217
DD6,56.43723,-2.92612
DD7,56.5033,-2.71814
DD8,56.6565,-2.92171
DD9,56.74798,-2.6672
DE1,52.91994,-1.47492
DE11,52.77372,-1.55377
DE12,52.72516,-1.55279
DE13,52.80741,-1.68844
DE14,52.80457,-1.6395
DE15,52.79908,-1.6084
DE21,52.93322,-1.43161
DE22,52.93351,-1.49559
DE23,52.90114,-1.49448
DE24,52.89016,-1.4515
DE3,52.90852,-1.54049
DE4,53.12707,-1.56357
DE45,53.21464,-1.6765
DE5,53.04456,-1.4018
DE55,53.10104,-1.37114
DE56,53.02152,-1.47369
DE6,52.99358,-1.7169
DE65,52.86651,-1.60927
DE7,52.9722,-1.32089
DE72,52.8933,-1.35929
DE73,52.84694,-1.43571
DE74,52.84368,-1.32884
DE75,53.01284,-1.35305
DG1,55.07353,-3.58045
DG10,55.31977,-3.43735
DG11,55.11331,-3.33584
DG12,54.98928,-3.25044
DG13,55.17291,-3.02849
DG14,55.08069,-2.98539
DG16,54.99731,-3.06777
DG2,55.06442,-3.65683
DG3,55.23678,-3.79927
DG4,55.37555,-3.95236
DG5,54.92201,-3.81016
DG6,54.83721,-4.05555
DG7,54.96738,-4.01219
DG8,54.87259,-4.51567
DG9,54.87815,-5.02123
DH1,54.78103,-1.56616
DH2,54.85933,-1.59648
DH3,54.87181,-1.56675
DH4,54.85444,-1.4906
DH5,54.82372,-1.45363
DH6,54.75276,-1.46391
DH7,54.78943,-1.66406
DH8,54.85541,-1.84422
DH9,54.86773,-1.70704
DL1,54.53016,-1.53637
DL10,54.41381,-1.69025
DL11,54.43841,-1.8751
DL12,54.57239,-1.98453
DL13,54.71619,-1.95343
DL14,54.65199,-1.68999
DL15,54.7096,-1.72836
DL16,54.69848,-1.60429
DL17,54.68118,-1.54086
DL2,54.5286,-1.6013
DL3,54.53209,-1.57035
DL4,54.63029,-1.64368
DL5,54.61749,-1.57565
DL6,54.37042,-1.38885
DL7,54.33761,-1.48471
DL8,54.29267,-1.78489
DL9,54.37521,-1.70902
DN1,53.52205,-1.1296
DN10,53.42705,-0.94339
DN11,53.45158,-1.08284
DN12,53.48313,-1.22082
DN14,53.70747,-0.93638
DN15,53.61469,-0.64994
DN16,53.56782,-0.63935
DN17,53.5721,-0.70114
DN18,53.68055,-0.44643
DN19,53.68387,-0.35847
DN2,53.53264,-1.10222
DN20,53.55723,-0.50531
DN21,53.41927,-0.70129
DN22,53.32352,-0.92643
DN3,53.54578,-1.05817
DN31,53.57014,-0.08648
DN32,53.56266,-0.06869
DN33,53.53974,-0.09691
DN34,53.55705,-0.11123
DN35,53.55494,-0.03583
DN36,53.51089,-0.03636
DN37,53.54033,-0.13461
DN38,53.56115,-0.39192
DN39,53.617,-0.33385
DN4,53.50581,-1.12088
DN40,53.6208,-0.22331
DN41,53.58351,-0.19466
DN5,53.53763,-1.17153
DN6,53.5961,-1.17643
DN7,53.58139,-1.01508
DN8,53.61415,-0.95535
DN9,53.50661,-0.89316
DT1,50.71093,-2.44052
DT10,50.93702,-2.33306
DT11,50.86091,-2.18047
DT2,50.74955,-2.45365
DT3,50.64067,-2.46674
DT4,50.60921,-2.4636
DT5,50.54724,-2.44041
DT6,50.73886,-2.77528
DT7,50.7286,-2.94657
DT8,50.81632,-2.7581
DT9,50.94086,-2.51529
DY1,52.51648,-2.0958
DY10,52.38594,-2.22483
DY11,52.38496,-2.26009
DY12,52.38569,-2.32916
DY13,52.33637,-2.28035
DY14,52.37985,-2.46282
DY2,52.49671,-2.08102
DY3,52.52994,-2.12826
DY4,52.53269,-2.05308
DY5,52.48049,-2.12223
DY6,52.49842,-2.16353
DY7,52.46596,-2.22376
DY8,52.45978,-2.15455
DY9,52.43554,-2.1221
E1,51.51766,-0.05841
E10,51.56814,-0.01153
E11,51.56769,0.01443
E12,51.54992,0.05404
E13,51.527,0.02705
E14,51.5062,-0.01855
E15,51.53911,0.00307
E16,51.51083,0.02633
E17,51.58623,-0.01796
E18,51.59176,0.02705
E1W,51.50775,-0.05739
E2,51.52939,-0.0608
E20,51.54593,0.09248
E3,51.52789,-0.02482
E4,51.62196,-0.00339
E5,51.55893,-0.05233
E6,51.5256,0.05583
E7,51.54678,0.02793
E8,51.54202,-0.06315
E9,51.54258,-0.04293
EC1,51.52286,-0.10144
EC1A,51.52019,-0.103
EC1M,51.52106,-0.10152
EC1N,51.52026,-0.10732
EC1R,51.52475,-0.10713
EC1V,51.52549,-0.09701
EC1Y,51.52272,-0.0928
EC2,51.51995,-0.08859
EC2A,51.5226,-0.0856
EC2M,51.51811,-0.08578
EC2N,51.51631,-0.08586
EC2P,51.5167,-0.09356
EC2R,51.5164,-0.09162
EC2V,51.51553,-0.0931
EC2Y,51.52007,-0.09579
EC3,51.51357,-0.08309
EC3A,51.51534,-0.08158
EC3M,51.51267,-0.08313
EC3N,51.5126,-0.07881
EC3P,51.52016,-0.10156
EC3R,51.51179,-0.08461
EC3V,51.51361,-0.08597
EC4,51.51475,-0.10034
EC4A,51.51576,-0.10751
EC4M,51.51475,-0.10034
EC4N,51.51463,-0.09314
EC4R,51.51191,-0.09181
EC4V,51.51293,-0.09897
EC4Y,51.51397,-0.10758
EH1,55.95243,-3.1884
EH10,55.92077,-3.20984
EH11,55.93387,-3.24867
EH12,55.94262,-3.27137
EH13,55.90788,-3.24144
EH14,55.90925,-3.28308
EH15,55.94686,-3.11136
EH16,55.92221,-3.15387
EH17,55.90704,-3.14222
EH18,55.87667,-3.12215
EH19,55.87324,-3.10446
EH2,55.95417,-3.19486
EH20,55.87905,-3.15579
EH21,55.93845,-3.04548
EH22,55.88441,-3.06001
EH23,55.83956,-3.05081
EH24,55.85051,-3.13257
EH25,55.85821,-3.17434
EH26,55.83257,-3.22307
EH27,55.89063,-3.42319
EH28,55.9306,-3.38624
EH29,55.95652,-3.39838
EH3,55.95412,-3.19967
EH30,55.98455,-3.38336
EH31,56.03627,-2.82661
EH32,55.96799,-2.94853
EH33,55.94196,-2.94469
EH34,55.90919,-2.8799
EH35,55.91053,-2.94233
EH36,55.85637,-2.85155
EH37,55.86188,-2.95873
EH38,55.78638,-2.96006
EH39,56.04766,-2.73052
EH4,55.96253,-3.25761
EH40,55.99057,-2.6557
EH41,55.94854,-2.7751
EH42,55.99389,-2.52428
EH43,55.62422,-3.0101
EH44,55.62015,-3.06558
EH45,55.65494,-3.19209
EH46,55.73689,-3.3491
EH47,55.85976,-3.66336
EH48,55.9011,-3.66353
EH49,55.97656,-3.59785
EH5,55.97463,-3.21633
EH51,56.01153,-3.6041
EH52,55.93756,-3.48256
EH53,55.8936,-3.47608
EH54,55.89212,-3.524
EH55,55.84748,-3.57178
EH6,55.97144,-3.17456
EH7,55.96075,-3.16463
EH8,55.94909,-3.16268
EH9,55.9336,-3.18463
EN1,51.6536,-0.06707
EN10,51.74005,-0.01992
EN11,51.76502,-0.00723
EN2,51.6585,-0.09144
EN3,51.65852,-0.03794
EN4,51.6479,-0.15983
EN5,51.64934,-0.19447
EN6,51.69942,-0.17656
EN7,51.71025,-0.0661
EN8,51.69799,-0.03189
EN9,51.69451,0.01427
EX1,50.72543,-3.50479
EX10,50.69252,-3.24461
EX11,50.74603,-3.28714
EX12,50.70585,-3.08066
EX13,50.78655,-3.00733
EX14,50.81272,-3.1896
EX15,50.87675,-3.33907
EX16,50.92258,-3.49122
EX17,50.81176,-3.70205
EX18,50.90155,-3.88739
EX19,50.87712,-4.0044
EX2,50.70998,-3.51705
EX20,50.75004,-4.01882
EX21,50.80507,-4.20857
EX22,50.82804,-4.3673
EX23,50.82366,-4.53323
EX24,50.73816,-3.08849
EX3,50.68645,-3.45824
EX31,51.08566,-4.06339
EX32,51.07115,-4.01849
EX33,51.11343,-4.16894
EX34,51.19829,-4.10278
EX35,51.2236,-3.82749
EX36,51.01638,-3.79224
EX37,50.97875,-3.95179
EX38,50.94376,-4.15107
EX39,51.01394,-4.24557
EX4,50.73055,-3.52621
EX5,50.75684,-3.43916
EX6,50.67744,-3.59668
EX7,50.59183,-3.47227
EX8,50.62958,-3.40133
EX9,50.6386,-3.32239
FK1,55.98555,-3.79381
FK10,56.11516,-3.78053
FK11,56.15009,-3.84977
FK12,56.15263,-3.79998
FK13,56.15078,-3.74032
FK14,56.16536,-3.66044
FK15,56.20249,-3.94903
FK16,56.19081,-4.05966
FK17,56.24019,-4.21887
FK18,56.32448,-4.32728
FK19,56.37057,-4.3139
FK2,56.00499,-3.75461
FK20,56.4065,-4.63059
FK21,56.46574,-4.31969
FK3,56.01087,-3.71958
FK4,55.99734,-3.90662
FK5,56.02564,-3.81814
FK6,56.02149,-3.91423
FK7,56.09695,-3.91636
FK8,56.13075,-4.05001
FK9,56.14242,-3.93955
FY1,53.81551,-3.04509
FY2,53.84524,-3.03823
FY3,53.82111,-3.02092
FY4,53.79139,-3.02779
FY5,53.87415,-3.02069
FY6,53.86819,-2.981
FY7,53.91635,-3.02629
FY8,53.75026,-3.001
G1,55.86038,-4.24671
G11,55.87356,-4.31142
G12,55.88006,-4.30061
G13,55.89358,-4.3462
G14,55.88095,-4.34864
G15,55.9094,-4.36476
G2,55.86382,-4.2549
G20,55.8858,-4.28176
G21,55.88063,-4.22069
G22,55.88998,-4.25002
G23,55.90193,-4.28431
G3,55.86619,-4.27262
G31,55.85748,-4.20819
G32,55.8484,-4.16293
G33,55.87351,-4.16593
G34,55.86817,-4.11128
G4,55.86837,-4.25196
G40,55.84824,-4.22204
G41,55.83815,-4.28216
G42,55.83234,-4.25627
G43,55.81825,-4.28898
G44,55.81438,-4.25523
G45,55.80494,-4.23074
G46,55.80446,-4.30573
G5,55.84769,-4.25237
G51,55.85734,-4.31365
G52,55.8477,-4.34823
G53,55.82157,-4.35145
G60,55.92205,-4.45358
G61,55.91905,-4.33014
G62,55.94261,-4.32034
G63,56.04243,-4.36487
G64,55.91127,-4.21604
G65,55.97334,-4.0577
G66,55.94024,-4.15364
G67,55.94755,-3.98586
G68,55.95345,-4.01019
G69,55.87372,-4.10199
G71,55.8221,-4.07206
G72,55.80406,-4.12856
G73,55.81977,-4.20605
G74,55.76912,-4.17289
G76,55.77811,-4.27227
G77,55.77345,-4.32941
G78,55.79259,-4.40873
G81,55.91309,-4.4066
G82,55.95195,-4.57403
G83,56.01196,-4.58444
G84,56.0137,-4.75306
GL1,51.8599,-2.23962
GL10,51.7429,-2.28391
GL11,51.68875,-2.35591
GL12,51.62482,-2.3843
GL13,51.69289,-2.45867
GL14,51.81691,-2.47879
GL15,51.73656,-2.55036
GL16,51.79561,-2.61054
GL17,51.85542,-2.51405
GL18,51.94124,-2.41464
GL19,51.94252,-2.28662
GL2,51.84635,-2.26714
GL20,52.00304,-2.12966
GL3,51.86451,-2.17719
GL4,51.84196,-2.2163
GL5,51.73855,-2.2187
GL50,51.89968,-2.07995
GL51,51.89876,-2.10756
GL52,51.91588,-2.05816
GL53,51.88081,-2.06684
GL54,51.89693,-1.86338
GL55,52.06043,-1.76806
GL56,51.98836,-1.70435
GL6,51.735,-2.19117
GL7,51.71263,-1.89723
GL8,51.64151,-2.17054
GL9,51.55763,-2.29718
GU1,51.24255,-0.56436
GU10,51.1975,-0.79622
GU11,51.24841,-0.76194
GU12,51.25167,-0.73032
GU13,51.27436,-0.83723
GU14,51.29246,-0.76075
GU15,51.3345,-0.73952
GU16,51.311,-0.72868
GU17,51.32959,-0.78559
GU18,51.34813,-0.67021
GU19,51.35914,-0.69
GU2,51.24468,-0.59152
GU20,51.36776,-0.65671
GU21,51.32006,-0.57773
GU22,51.31162,-0.54929
GU23,51.29671,-0.50816
GU24,51.32963,-0.62625
GU25,51.4009,-0.56948
GU26,51.11243,-0.74557
GU27,51.08155,-0.71785
GU28,50.99061,-0.62915
GU29,50.98383,-0.74619
GU3,51.24596,-0.62301
GU30,51.07435,-0.80228
GU31,50.9962,-0.90263
GU32,51.00849,-0.96934
GU33,51.04915,-0.89139
GU34,51.13902,-0.98359
GU35,51.11617,-0.84692
GU4,51.24315,-0.53999
GU46,51.3372,-0.82559
GU47,51.34761,-0.78799
GU5,51.20237,-0.51551
GU51,51.28338,-0.83987
GU52,51.26447,-0.83748
GU6,51.14078,-0.48174
GU7,51.18915,-0.61039
GU8,51.15082,-0.64014
GU9,51.21815,-0.79282
GY1,49.45856,-2.53684
GY2,49.57871,-2.49362
GY3,49.52875,-2.45821
GY4,49.52875,-2.45821
GY5,49.4826,-2.58101
GY6,49.52875,-2.45821
GY7,49.52875,-2.45821
GY8,49.52875,-2.45821
GY9,49.57183,-2.28244
HA0,51.55024,-0.3037
HA1,51.57948,-0.33581
HA2,51.57349,-0.35768
HA3,51.59274,-0.31945
HA4,51.56971,-0.40977
HA5,51.59455,-0.38436
HA6,51.61032,-0.41991
HA7,51.60965,-0.30727
HA8,51.61094,-0.27255
HA9,51.55898,-0.28606
HD1,53.64639,-1.78819
HD2,53.66794,-1.77446
HD3,53.65274,-1.8275
HD4,53.62662,-1.79585
HD5,53.6472,-1.74583
HD6,53.70121,-1.78186
HD7,53.62404,-1.87601
HD8,53.6012,-1.6796
HD9,53.57988,-1.79457
HG1,53.99983,-1.53313
HG2,53.98722,-1.52565
HG3,54.03069,-1.61676
HG4,54.15636,-1.5666
HG5,54.013,-1.45668
HP1,51.75509,-0.48731
HP10,51.60928,-0.70159
HP11,51.62413,-0.74451
HP12,51.62538,-0.77771
HP13,51.63309,-0.74137
HP14,51.64839,-0.82913
HP15,51.65615,-0.71182
HP16,51.70208,-0.71775
HP17,51.77558,-0.86933
HP18,51.81347,-0.98155
HP19,51.8219,-0.82464
HP2,51.76273,-0.45227
HP20,51.81898,-0.80295
HP21,51.80641,-0.80473
HP22,51.80601,-0.76558
HP23,51.79496,-0.66001
HP27,51.71944,-0.83019
HP3,51.73689,-0.47054
HP4,51.76688,-0.56663
HP5,51.71251,-0.60744
HP6,51.67823,-0.59836
HP7,51.66487,-0.6089
HP8,51.64286,-0.57344
HP9,51.61035,-0.63801
HR1,52.06415,-2.66963
HR2,52.0095,-2.78393
HR3,52.09353,-3.07446
HR4,52.08784,-2.76632
HR5,52.19196,-3.02708
HR6,52.23258,-2.77028
HR7,52.18629,-2.52079
HR8,52.04454,-2.44331
HR9,51.90816,-2.58153
HS1,58.21347,-6.38138
HS2,58.24916,-6.46768
HS3,57.87876,-6.85387
HS4,57.86961,-6.69056
HS5,57.79992,-6.96123
HS6,57.6008,-7.29943
HS7,57.44703,-7.33888
HS8,57.23253,-7.34593
HS9,56.97148,-7.47153
HU1,53.74288,-0.33494
HU10,53.75149,-0.44078
HU11,53.82572,-0.21921
HU12,53.72369,-0.13105
HU13,53.72446,-0.43572
HU14,53.72799,-0.50078
HU15,53.74831,-0.62139
HU16,53.78179,-0.41993
HU17,53.8466,-0.42661
HU18,53.90944,-0.16692
HU19,53.72277,0.03566
HU2,53.75011,-0.33769
HU20,53.78836,-0.51229
HU3,53.74148,-0.36381
HU4,53.73568,-0.40043
HU5,53.75961,-0.37524
HU6,53.7811,-0.36834
HU7,53.7886,-0.32554
HU8,53.76845,-0.29903
HU9,53.75567,-0.28589
HX1,53.72111,-1.86966
HX2,53.73733,-1.90448
HX3,53.72648,-1.84387
HX4,53.67978,-1.88039
HX5,53.68601,-1.83494
HX6,53.69779,-1.92426
HX7,53.73916,-2.00758
IG1,51.55855,0.07463
IG10,51.64775,0.06569
IG11,51.53573,0.09378
IG2,51.57373,0.08109
IG3,51.56168,0.10074
IG4,51.57688,0.05525
IG5,51.58749,0.06584
IG6,51.59247,0.08917
IG7,51.61316,0.08867
IG8,51.60694,0.0335
IG9,51.62391,0.04004
IM1,54.15048,-4.48174
IM2,54.17891,-4.46857
IM3,54.17219,-4.45155
IM4,54.18407,-4.53302
IM5,54.19316,-4.7065
IM6,54.28659,-4.58037
IM7,54.32613,-4.41041
IM8,54.278,-4.08474
IM9,54.09184,-4.68352
IP1,52.06644,1.14151
IP10,52.01888,1.26939
IP11,51.97028,1.3343
IP12,52.09243,1.37262
IP13,52.18475,1.32107
IP14,52.20597,1.03423
IP15,52.15686,1.59688
IP16,52.20397,1.58604
IP17,52.22985,1.50316
IP18,52.32995,1.67259
IP19,52.33982,1.4957
IP2,52.04501,1.13563
IP20,52.40601,1.3215
IP21,52.36431,1.23608
IP22,52.37548,1.05319
IP23,52.30615,1.12472
IP24,52.41869,0.75903
IP25,52.58588,0.83892
IP26,52.50733,0.57739
IP27,52.4298,0.5861
IP28,52.32627,0.54924
IP29,52.19245,0.66303
IP3,52.0418,1.18792
IP30,52.20909,0.83679
IP31,52.29023,0.82877
IP32,52.25326,0.71797
IP33,52.24178,0.70848
IP4,52.06,1.18046
IP5,52.06102,1.24182
IP6,52.131,1.11536
IP7,52.06872,0.94901
IP8,52.06169,1.0828
IP9,51.99067,1.14931
IV1,57.4874,-4.23059
IV10,57.58536,-4.12616
IV11,57.67758,-4.03762
IV12,57.57422,-3.86458
IV13,57.3428,-4.01239
IV14,57.58564,-4.54783
IV15,57.59965,-4.42996
IV16,57.66431,-4.33703
IV17,57.69985,-4.26043
IV18,57.70169,-4.15479
IV19,57.80478,-4.06162
IV2,57.46833,-4.19107
IV20,57.78653,-3.90748
IV21,57.72377,-5.72019
IV22,57.74156,-5.50682
IV23,57.77322,-5.01018
IV24,57.89133,-4.35512
IV25,57.89135,-4.04295
IV26,57.91578,-5.17243
IV27,58.27684,-4.80032
IV28,58.01527,-4.15668
IV3,57.47726,-4.24499
IV30,57.65468,-3.32732
IV31,57.71706,-3.28931
IV32,57.63161,-3.11041
IV36,57.61104,-3.60363
IV4,57.44843,-4.53328
IV40,57.27446,-5.64981
IV41,57.27372,-5.73605
IV42,57.23946,-5.82877
IV43,57.1555,-5.81015
IV44,57.11488,-5.87374
IV45,57.06714,-5.90508
IV46,57.1141,-5.98441
IV47,57.29467,-6.34284
IV48,57.31102,-6.09713
IV49,57.2277,-5.94693
IV5,57.4679,-4.4112
IV51,57.48055,-6.24636
IV52,57.33737,-5.65106
IV53,57.34465,-5.55367
IV54,57.43101,-5.61538
IV55,57.45873,-6.611
IV56,57.36636,-6.4279
IV6,57.52634,-4.45682
IV63,57.32228,-4.50465
IV7,57.58435,-4.38376
IV8,57.55419,-4.26477
IV9,57.56922,-4.17706
JE1,49.19094,-2.11961
JE2,49.20183,-2.10719
JE3,49.18581,-2.13418
JE4,49.19392,-2.09104
KA1,55.5958,-4.49509
KA10,55.54945,-4.64755
KA11,55.61736,-4.62512
KA12,55.61923,-4.66337
KA13,55.6553,-4.69921
KA14,55.74041,-4.67162
KA15,55.74859,-4.62596
KA16,55.60713,-4.33065
KA17,55.61075,-4.28164
KA18,55.45063,-4.23917
KA19,55.34585,-4.66707
KA2,55.59619,-4.56338
KA20,55.64157,-4.75072
KA21,55.64176,-4.78253
KA22,55.65019,-4.80697
KA23,55.69135,-4.85449
KA24,55.70981,-4.71412
KA25,55.75263,-4.6884
KA26,55.21894,-4.83313
KA27,55.5388,-5.17162
KA28,55.75447,-4.92287
KA29,55.75701,-4.85291
KA3,55.64435,-4.49499
KA30,55.79725,-4.86224
KA4,55.59894,-4.38256
KA5,55.50987,-4.38668
KA6,55.41582,-4.50427
KA7,55.44739,-4.62805
KA8,55.4711,-4.61222
KA9,55.49734,-4.60446
KT1,51.40713,-0.29606
KT10,51.36749,-0.35357
KT11,51.32769,-0.40237
KT12,51.37721,-0.40639
KT13,51.36788,-0.44838
KT14,51.33869,-0.48526
KT15,51.36309,-0.49451
KT16,51.38312,-0.51398
KT17,51.34078,-0.24827
KT18,51.3167,-0.2621
KT19,51.35096,-0.26799
KT2,51.41602,-0.28854
KT20,51.28564,-0.23029
KT21,51.31098,-0.30106
KT22,51.3007,-0.33731
KT23,51.28137,-0.36956
KT24,51.26869,-0.42879
KT3,51.39935,-0.25609
KT4,51.37757,-0.24255
KT5,51.39171,-0.28657
KT6,51.3892,-0.2996
KT7,51.38959,-0.3269
KT8,51.40089,-0.36243
KT9,51.36405,-0.30197
KW1,58.45801,-3.12092
KW10,57.97509,-3.975
KW11,58.30505,-4.12991
KW12,58.50634,-3.49149
KW13,58.45518,-3.89556
KW14,58.58913,-3.55523
KW15,58.9803,-2.95862
KW16,58.95963,-3.27278
KW17,59.04195,-3.00217
KW2,58.34893,-3.16359
KW3,58.30741,-3.27829
KW5,58.28747,-3.38163
KW6,58.24908,-3.44148
KW7,58.18641,-3.50018
KW8,58.11611,-3.6636
KW9,58.0137,-3.85692
KY1,56.12815,-3.1375
KY10,56.23024,-2.70011
KY11,56.0471,-3.4145
KY12,56.07674,-3.49272
KY13,56.20866,-3.43173
KY14,56.31048,-3.23992
KY15,56.30055,-3.0505
KY16,56.34184,-2.81865
KY2,56.12234,-3.18238
KY3,56.06346,-3.23037
KY4,56.11421,-3.36066
KY5,56.14548,-3.29416
KY6,56.19678,-3.19756
KY7,56.19719,-3.15405
KY8,56.19755,-3.01061
KY9,56.20965,-2.83356
L1,53.40254,-2.97928
L10,53.47398,-2.92668
L11,53.44801,-2.91407
L12,53.43467,-2.89421
L13,53.4174,-2.91943
L14,53.41861,-2.87883
L15,53.39763,-2.91901
L16,53.39876,-2.88744
L17,53.37769,-2.93962
L18,53.38064,-2.90661
L19,53.3591,-2.90165
L2,53.40696,-2.98841
L20,53.45281,-2.98797
L21,53.4707,-2.99893
L22,53.47676,-3.0262
L23,53.49118,-3.02203
L24,53.34339,-2.83672
L25,53.37827,-2.86296
L26,53.3641,-2.83262
L27,53.38744,-2.83758
L28,53.4349,-2.86411
L29,53.50679,-2.98319
L3,53.4088,-2.98394
L30,53.48442,-2.97062
L31,53.51346,-2.93659
L32,53.47786,-2.88909
L33,53.48965,-2.87577
L34,53.43614,-2.81445
L35,53.41478,-2.78244
L36,53.41439,-2.83962
L37,53.55735,-3.06288
L38,53.5242,-3.04998
L39,53.56142,-2.89537
L4,53.43775,-2.96052
L40,53.60227,-2.84032
L5,53.42505,-2.97529
L6,53.41896,-2.94956
L69,53.40709,-2.97337
L7,53.40549,-2.94776
L70,53.40891,-2.9704
L8,53.39009,-2.96246
L9,53.4612,-2.95201
LA1,54.04663,-2.79885
LA10,54.31433,-2.49348
LA11,54.20034,-2.92446
LA12,54.20351,-3.08246
LA13,54.11792,-3.19805
LA14,54.1185,-3.2302
LA15,54.15588,-3.1777
LA16,54.1862,-3.20155
LA17,54.2386,-3.17545
LA18,54.21512,-3.27448
LA19,54.29312,-3.37523
LA2,54.06537,-2.6739
LA20,54.29404,-3.20469
LA21,54.3645,-3.07283
LA22,54.42276,-2.98649
LA23,54.37122,-2.91136
LA3,54.05058,-2.87683
LA4,54.06964,-2.85125
LA5,54.14287,-2.78998
LA6,54.17537,-2.61134
LA7,54.22568,-2.77162
LA8,54.32373,-2.75961
LA9,54.32563,-2.74273
LD1,52.26047,-3.3657
LD2,52.14145,-3.39275
LD3,51.96006,-3.37111
LD4,52.11786,-3.55416
LD5,52.12692,-3.61584
LD6,52.30909,-3.50804
LD7,52.3524,-3.08513
LD8,52.26735,-3.04348
LE1,52.63379,-1.12812
LE10,52.53641,-1.36744
LE11,52.76927,-1.21584
LE12,52.76641,-1.19217
LE13,52.76572,-0.88536
LE14,52.7838,-0.89527
LE15,52.65594,-0.70037
LE16,52.48616,-0.89244
LE17,52.4669,-1.17706
LE18,52.58332,-1.11141
LE19,52.57718,-1.21047
LE2,52.60942,-1.11531
LE3,52.62876,-1.17993
LE4,52.66342,-1.12309
LE5,52.63616,-1.08521
LE6,52.66244,-1.24141
LE65,52.74819,-1.4681
LE67,52.71619,-1.36041
LE7,52.67739,-1.06808
LE8,52.55264,-1.09728
LE9,52.57012,-1.28728
LL11,53.06314,-3.03425
LL12,53.08601,-2.98851
LL13,53.0359,-2.95902
LL14,52.99198,-3.05043
LL15,53.10263,-3.31455
LL16,53.18489,-3.43231
LL17,53.25319,-3.4346
LL18,53.31023,-3.47554
LL19,53.33082,-3.40866
LL20,52.95949,-3.15982
LL21,52.99006,-3.40947
LL22,53.26827,-3.59257
LL23,52.90493,-3.60003
LL24,53.05695,-3.78474
LL25,53.0546,-3.87866
LL26,53.13877,-3.78514
LL27,53.14718,-3.82288
LL28,53.28749,-3.75983
LL29,53.28916,-3.70738
LL30,53.31813,-3.81514
LL31,53.29035,-3.80946
LL32,53.26022,-3.83968
LL33,53.24987,-3.98015
LL34,53.27076,-3.91212
LL35,52.54657,-4.04127
LL36,52.60374,-4.06313
LL37,52.66546,-4.0823
LL38,52.69767,-4.03943
LL39,52.71076,-4.01043
LL40,52.75614,-3.87468
LL41,52.96914,-3.9375
LL42,52.7253,-4.05405
LL43,52.77409,-4.09193
LL44,52.79111,-4.09572
LL45,52.81989,-4.09562
LL46,52.85477,-4.10621
LL47,52.9014,-4.06237
LL48,52.93544,-4.06994
LL49,52.92883,-4.13808
LL51,52.97377,-4.23712
LL52,52.92425,-4.24052
LL53,52.88418,-4.49117
LL54,53.05829,-4.28478
LL55,53.13355,-4.20355
LL56,53.18669,-4.19879
LL57,53.20718,-4.10998
LL58,53.28022,-4.09857
LL59,53.23417,-4.15926
LL60,53.21505,-4.26915
LL61,53.1954,-4.26212
LL62,53.21007,-4.38572
LL63,53.21824,-4.47007
LL64,53.22805,-4.51709
LL65,53.30067,-4.5694
LL66,53.38055,-4.40427
LL67,53.41097,-4.45565
LL68,53.39818,-4.37668
LL69,53.38583,-4.31883
LL70,53.36396,-4.28758
LL71,53.32732,-4.36823
LL72,53.34957,-4.24023
LL73,53.33511,-4.24397
LL74,53.31645,-4.23248
LL75,53.28343,-4.21876
LL76,53.30017,-4.23764
LL77,53.26011,-4.31053
LL78,53.31678,-4.26253
LN1,53.25883,-0.58621
LN10,53.15858,-0.21703
LN11,53.3732,0.02496
LN12,53.3293,0.2662
LN13,53.26518,0.18482
LN2,53.25429,-0.5084
LN3,53.24325,-0.41885
LN4,53.15018,-0.38489
LN5,53.17126,-0.55617
LN6,53.20319,-0.59403
LN7,53.49216,-0.34327
LN8,53.37321,-0.32384
LN9,53.21719,-0.11124
LS1,53.79674,-1.54754
LS10,53.76162,-1.53123
LS11,53.77609,-1.55535
LS12,53.79062,-1.59618
LS13,53.81052,-1.63396
LS14,53.82782,-1.45604
LS15,53.80619,-1.44417
LS16,53.85086,-1.60169
LS17,53.85958,-1.52709
LS18,53.8402,-1.6413
LS19,53.8592,-1.6822
LS2,53.80123,-1.54597
LS20,53.87365,-1.71251
LS21,53.91132,-1.67876
LS22,53.93179,-1.39375
LS23,53.90372,-1.35458
LS24,53.86987,-1.25168
LS25,53.78584,-1.33059
LS26,53.75227,-1.44791
LS27,53.74839,-1.60266
LS28,53.80163,-1.66897
LS29,53.92058,-1.80356
LS3,53.80128,-1.55964
LS4,53.80944,-1.58082
LS5,53.81851,-1.60199
LS6,53.81928,-1.56704
LS7,53.81828,-1.53971
LS8,53.82445,-1.50926
LS9,53.79928,-1.50803
LU1,51.87476,-0.42373
LU2,51.89147,-0.39553
LU3,51.90829,-0.44291
LU4,51.89871,-0.4665
LU5,51.90829,-0.5127
LU6,51.87711,-0.53552
LU7,51.90921,-0.66388
M1,53.47734,-2.23508
M11,53.47834,-2.17933
M12,53.46482,-2.20187
M13,53.4603,-2.21389
M14,53.4477,-2.22437
M15,53.46563,-2.25008
M16,53.45481,-2.26357
M17,53.46906,-2.31789
M18,53.46127,-2.16871
M19,53.43696,-2.19421
M2,53.48003,-2.24263
M20,53.42521,-2.23027
M21,53.43771,-2.27099
M22,53.3856,-2.25863
M23,53.39902,-2.28729
M24,53.55113,-2.19624
M25,53.5285,-2.27459
M26,53.56161,-2.33369
M27,53.51216,-2.33631
M28,53.51467,-2.39666
M29,53.50816,-2.45692
M3,53.48361,-2.25018
M30,53.48424,-2.35418
M31,53.4193,-2.42136
M32,53.45021,-2.30872
M33,53.4205,-2.32506
M34,53.45594,-2.11748
M35,53.50714,-2.1523
M38,53.53167,-2.42096
M4,53.48455,-2.22909
M40,53.50349,-2.18999
M41,53.45095,-2.36294
M43,53.48378,-2.1477
M44,53.44086,-2.42609
M45,53.54734,-2.28829
M46,53.52601,-2.49031
M5,53.47903,-2.28482
M6,53.49159,-2.29696
M60,53.48635,-2.22759
M7,53.50516,-2.26086
M8,53.5088,-2.23827
M9,53.52143,-2.21269
M90,53.36309,-2.27653
ME1,51.37216,0.50017
ME10,51.34258,0.73697
ME11,51.41247,0.74833
ME12,51.42282,0.80507
ME13,51.30275,0.89675
ME14,51.28043,0.54108
ME15,51.2545,0.53392
ME16,51.27414,0.49915
ME17,51.23484,0.61021
ME18,51.24426,0.42301
ME19,51.29307,0.41123
ME2,51.39136,0.4854
ME20,51.30467,0.45919
ME3,51.43322,0.54668
ME4,51.3805,0.53081
ME5,51.34896,0.53338
ME6,51.32662,0.4417
ME7,51.37904,0.5566
ME8,51.36102,0.5987
ME9,51.33297,0.72491
MK1,52.00522,-0.72659
MK10,52.03908,-0.69792
MK11,52.05226,-0.84048
MK12,52.05741,-0.81555
MK13,52.05258,-0.78359
MK14,52.05955,-0.76152
MK15,52.05739,-0.72802
MK16,52.08879,-0.72129
MK17,51.99235,-0.70074
MK18,51.97972,-0.96904
MK19,52.07215,-0.85164
MK2,51.98991,-0.72411
MK3,51.99651,-0.75306
MK4,52.00397,-0.77762
MK40,52.13797,-0.47145
MK41,52.15113,-0.44614
MK42,52.12002,-0.47352
MK43,52.11837,-0.55684
MK44,52.19402,-0.42563
MK45,52.02462,-0.46803
MK46,52.15411,-0.69165
MK5,52.02021,-0.78301
MK6,52.02967,-0.74193
MK7,52.01921,-0.68976
MK8,52.0357,-0.803
MK9,52.04064,-0.75912
ML1,55.79943,-3.97512
ML10,55.68013,-4.06932
ML11,55.66661,-3.78555
ML12,55.56677,-3.59544
ML2,55.77706,-3.91179
ML3,55.77028,-4.05337
ML4,55.81846,-4.02078
ML5,55.85964,-4.03091
ML6,55.86704,-3.96257
ML7,55.83008,-3.79303
ML8,55.7305,-3.84103
ML9,55.72496,-3.96658
N1,51.53717,-0.09652
N10,51.59368,-0.14325
N11,51.61338,-0.13812
N12,51.61487,-0.17561
N13,51.6191,-0.10176
N14,51.63392,-0.1286
N15,51.5819,-0.08166
N16,51.5629,-0.07525
N17,51.59791,-0.07088
N18,51.61309,-0.06446
N19,51.56464,-0.12712
N1C,51.53626,-0.12572
N2,51.58957,-0.16797
N20,51.62923,-0.17359
N21,51.63612,-0.09816
N22,51.59944,-0.1098
N3,51.59984,-0.1921
N4,51.57052,-0.1009
N5,51.55337,-0.09729
N6,51.57116,-0.14129
N7,51.55277,-0.11607
N8,51.58335,-0.11625
N9,51.62825,-0.05659
NE1,54.97262,-1.61097
NE10,54.94726,-1.55345
NE11,54.94123,-1.63157
NE12,55.0246,-1.56823
NE13,55.04642,-1.64469
NE15,54.9837,-1.72026
NE16,54.9324,-1.69096
NE17,54.91378,-1.81591
NE18,55.03787,-1.86072
NE19,55.17901,-2.0958
NE2,54.98698,-1.60458
NE20,55.05304,-1.78553
NE21,54.95764,-1.71888
NE22,55.1361,-1.58428
NE23,55.08037,-1.58173
NE24,55.12238,-1.52013
NE25,55.04945,-1.48656
NE26,55.05201,-1.45679
NE27,55.03247,-1.51025
NE28,55.00015,-1.51846
NE29,55.0116,-1.46359
NE3,55.01043,-1.6325
NE30,55.02138,-1.44
NE31,54.97136,-1.511
NE32,54.96765,-1.48292
NE33,54.99077,-1.42792
NE34,54.97186,-1.42037
NE35,54.95227,-1.4597
NE36,54.94498,-1.43794
NE37,54.913,-1.52574
NE38,54.89412,-1.52441
NE39,54.92357,-1.75813
NE4,54.97361,-1.64221
NE40,54.96584,-1.77193
NE41,54.9758,-1.81875
NE42,54.96237,-1.85474
NE43,54.94804,-1.90475
NE44,54.94268,-1.97814
NE45,54.97683,-2.01563
NE46,54.97948,-2.10626
NE47,54.92894,-2.25127
NE48,55.13114,-2.25724
NE49,54.96698,-2.45927
NE5,54.99621,-1.68735
NE6,54.97695,-1.56405
NE61,55.18045,-1.68905
NE62,55.16129,-1.59187
NE63,55.17736,-1.56187
NE64,55.18437,-1.51467
NE65,55.3127,-1.75104
NE66,55.42858,-1.73135
NE67,55.53363,-1.6926
NE68,55.57398,-1.65739
NE69,55.60468,-1.71586
NE7,54.99947,-1.57788
NE70,55.59409,-1.81591
NE71,55.55558,-2.04439
NE8,54.95552,-1.60333
NE9,54.93118,-1.58328
NE99,54.96723,-1.61259
NG1,52.954,-1.147
NG10,52.90005,-1.28187
NG11,52.89934,-1.17335
NG12,52.91104,-1.05415
NG13,52.94767,-0.92087
NG14,53.01519,-1.03696
NG15,53.04519,-1.20338
NG16,53.02688,-1.29319
NG17,53.11569,-1.26035
NG18,53.13766,-1.18373
NG19,53.15933,-1.19678
NG2,52.935,-1.131
NG20,53.20958,-1.18386
NG21,53.14069,-1.10443
NG22,53.17826,-0.97046
NG23,53.11553,-0.80012
NG24,53.06966,-0.79841
NG25,53.07294,-0.95506
NG3,52.96735,-1.12887
NG31,52.9142,-0.6391
NG32,52.94939,-0.64991
NG33,52.81819,-0.57829
NG34,52.98753,-0.39096
NG4,52.97062,-1.08561
NG5,52.99713,-1.14317
NG6,52.99746,-1.19085
NG7,52.95779,-1.17521
NG8,52.96434,-1.21231
NG9,52.92583,-1.23533
NN1,52.24154,-0.88682
NN10,52.2915,-0.59668
NN11,52.24033,-1.17833
NN12,52.12744,-0.99778
NN13,52.0324,-1.14715
NN14,52.40948,-0.69145
NN15,52.38446,-0.70542
NN16,52.40531,-0.72098
NN17,52.50026,-0.68876
NN18,52.47986,-0.7144
NN2,52.2623,-0.89509
NN29,52.2599,-0.66362
NN3,52.26182,-0.84528
NN4,52.21645,-0.89623
NN5,52.24732,-0.92916
NN6,52.32208,-0.9435
NN7,52.20954,-0.92714
NN8,52.30254,-0.69754
NN9,52.33288,-0.59831
NP10,51.57943,-3.04497
NP11,51.64249,-3.13025
NP12,51.6688,-3.19743
NP13,51.73412,-3.13977
NP15,51.72552,-2.88616
NP16,51.64951,-2.68808
NP18,51.60637,-2.94305
NP19,51.58913,-2.9629
NP20,51.59057,-3.0048
NP22,51.7707,-3.25665
NP23,51.78482,-3.19615
NP24,51.71964,-3.23786
NP25,51.80307,-2.72232
NP26,51.59051,-2.77669
NP4,51.71882,-3.04528
NP44,51.65064,-3.02637
NP7,51.82884,-3.00864
NP8,51.85996,-3.14586
NR1,52.62671,1.31012
NR10,52.73642,1.24582
NR11,52.84173,1.27596
NR12,52.75971,1.47144
NR13,52.63372,1.47327
NR14,52.56445,1.3807
NR15,52.50639,1.2701
NR16,52.476,1.06162
NR17,52.51544,0.99655
NR18,52.57095,1.11105
NR19,52.67542,0.92907
NR2,52.6301,1.28524
NR20,52.72449,0.98124
NR21,52.84097,0.85257
NR22,52.89366,0.86793
NR23,52.94872,0.85966
NR24,52.85851,1.05135
NR25,52.91969,1.08541
NR26,52.93511,1.21602
NR27,52.92467,1.30157
NR28,52.82203,1.40068
NR29,52.6926,1.63932
NR3,52.64332,1.29511
NR30,52.61874,1.72926
NR31,52.57614,1.71087
NR32,52.48903,1.73448
NR33,52.45441,1.71976
NR34,52.43791,1.58442
NR35,52.46125,1.43463
NR4,52.61357,1.26479
NR5,52.6405,1.23427
NR6,52.66074,1.2831
NR7,52.65063,1.33521
NR8,52.67798,1.21188
NR9,52.63574,1.10973
NW1,51.53252,-0.14286
NW10,51.53951,-0.24641
NW11,51.57831,-0.19584
NW2,51.55797,-0.21829
NW3,51.55184,-0.17093
NW4,51.58682,-0.22294
NW5,51.55139,-0.14209
NW6,51.54142,-0.19442
NW7,51.61488,-0.23484
NW8,51.53117,-0.17175
NW9,51.5864,-0.25472
OL1,53.54944,-2.10566
OL10,53.59064,-2.22211
OL11,53.606,-2.17382
OL12,53.63567,-2.16487
OL13,53.70034,-2.20299
OL14,53.71395,-2.0985
OL15,53.64384,-2.09985
OL16,53.61234,-2.13152
OL2,53.57191,-2.10874
OL3,53.55309,-2.00906
OL4,53.54228,-2.07244
OL5,53.51712,-2.03771
OL6,53.49372,-2.08593
OL7,53.49011,-2.10552
OL8,53.52606,-2.11616
OL9,53.53952,-2.14186
OX1,51.74451,-1.25978
OX10,51.60781,-1.12625
OX11,51.59965,-1.24626
OX12,51.59437,-1.42537
OX13,51.67849,-1.34765
OX14,51.66728,-1.2755
OX15,52.03219,-1.40666
OX16,52.06241,-1.34061
OX17,52.07291,-1.28938
OX18,51.76232,-1.59134
OX2,51.7644,-1.27685
OX20,51.85659,-1.35814
OX25,51.90067,-1.21216
OX26,51.90114,-1.15109
OX27,51.93709,-1.14751
OX28,51.78529,-1.48675
OX29,51.79403,-1.43154
OX3,51.76131,-1.21458
OX33,51.75813,-1.14653
OX39,51.70045,-0.91317
OX4,51.72984,-1.21513
OX44,51.70046,-1.13025
OX49,51.64996,-0.99967
OX5,51.82917,-1.28016
OX6,51.90845,-1.16695
OX7,51.91135,-1.52747
OX8,51.78964,-1.4548
OX9,51.73794,-0.9818
PA1,55.84457,-4.41674
PA10,55.83375,-4.55184
PA11,55.85649,-4.5821
PA12,55.7954,-4.62273
PA13,55.89235,-4.62927
PA14,55.92757,-4.66368
PA15,55.94279,-4.74802
PA16,55.94351,-4.79613
PA17,55.86512,-4.88162
PA18,55.88928,-4.88661
PA19,55.9528,-4.82244
PA2,55.82896,-4.43334
PA20,55.83482,-5.0567
PA21,55.90186,-5.24762
PA22,55.97074,-5.1572
PA23,55.95474,-4.93154
PA24,56.15675,-4.90504
PA25,56.21553,-5.04017
PA26,56.25758,-4.9369
PA27,56.15422,-5.08365
PA28,55.43603,-5.60305
PA29,55.80476,-5.47741
PA3,55.85205,-4.44757
PA30,56.0133,-5.44799
PA31,56.05245,-5.46273
PA32,56.20284,-5.11658
PA33,56.36978,-5.05569
PA34,56.4021,-5.49931
PA35,56.40507,-5.22391
PA36,56.52032,-4.77019
PA37,56.46816,-5.38681
PA38,56.59186,-5.33433
PA4,55.87464,-4.39623
PA41,55.6747,-5.74115
PA42,55.63962,-6.18624
PA43,55.7559,-6.28324
PA44,55.79785,-6.29265
PA45,55.81932,-6.1656
PA46,55.86226,-6.11902
PA47,55.68236,-6.50288
PA48,55.73797,-6.38332
PA49,55.7826,-6.39313
PA5,55.83105,-4.50854
PA6,55.86377,-4.53462
PA60,55.87979,-5.91287
PA61,56.07177,-6.20088
PA62,56.35932,-5.85014
PA63,56.38234,-5.71469
PA64,56.43838,-5.67471
PA65,56.46916,-5.72805
PA66,56.32913,-6.35382
PA67,56.31356,-6.23228
PA68,56.43624,-6.14202
PA69,56.38044,-6.08894
PA7,55.90944,-4.49919
PA70,56.36426,-6.03373
PA71,56.48108,-5.98112
PA72,56.51761,-5.96381
PA73,56.49693,-6.18279
PA74,56.53313,-6.22911
PA75,56.61228,-6.12216
PA76,56.33403,-6.39324
PA77,56.49469,-6.8835
PA78,56.62454,-6.54449
PA8,55.9014,-4.45228
PA9,55.80948,-4.55184
PE1,52.58704,-0.23885
PE10,52.77693,-0.3765
PE11,52.80714,-0.16616
PE12,52.78328,0.0286
PE13,52.66895,0.13868
PE14,52.63884,0.21112
PE15,52.53589,0.08649
PE16,52.45379,0.05022
PE19,52.24203,-0.2584
PE2,52.56043,-0.26352
PE20,52.932,-0.10136
PE21,52.97477,-0.02203
PE22,53.04826,0.0455
PE23,53.17244,0.09181
PE24,53.16561,0.26804
PE25,53.15261,0.33616
PE26,52.45292,-0.1132
PE27,52.33361,-0.07572
PE28,52.35784,-0.18629
PE29,52.33345,-0.17848
PE3,52.58758,-0.27573
PE30,52.75978,0.41884
PE31,52.87538,0.56647
PE32,52.73016,0.62756
PE33,52.64814,0.46886
PE34,52.7245,0.33986
PE35,52.8253,0.51155
PE36,52.936,0.50754
PE37,52.64414,0.69336
PE38,52.58977,0.37698
PE4,52.61262,-0.26589
PE5,52.57867,-0.34398
PE6,52.65562,-0.25531
PE7,52.53877,-0.19801
PE8,52.52694,-0.44176
PE9,52.65422,-0.48012
PH1,56.42113,-3.47537
PH10,56.60845,-3.36046
PH11,56.63942,-3.23438
PH12,56.57551,-3.15253
PH13,56.53749,-3.27335
PH14,56.45299,-3.18614
PH15,56.60974,-3.94063
PH16,56.70697,-3.81003
PH17,56.68745,-4.3823
PH18,56.7741,-3.88855
PH19,56.93428,-4.255
PH2,56.38691,-3.40439
PH20,57.05377,-4.15504
PH21,57.08834,-4.02169
PH22,57.19857,-3.80587
PH23,57.28761,-3.80028
PH24,57.25419,-3.74891
PH25,57.26187,-3.64646
PH26,57.3298,-3.60464
PH3,56.30228,-3.70355
PH30,56.79185,-4.6002
PH31,56.89234,-4.81575
PH32,57.14424,-4.68275
PH33,56.82148,-5.11207
PH34,56.92574,-4.92676
PH35,57.07578,-4.93032
PH36,56.72124,-5.86584
PH38,56.84536,-5.74736
PH39,56.91265,-5.84124
PH4,56.26072,-3.78244
PH40,56.96381,-5.7856
PH41,57.00374,-5.83251
PH42,56.90217,-6.14094
PH43,57.01529,-6.28049
PH44,57.05693,-6.50319
PH49,56.675,-5.10977
PH5,56.32927,-3.8277
PH50,56.71451,-4.96427
PH6,56.37162,-3.99491
PH7,56.37332,-3.82657
PH8,56.56249,-3.59805
PH9,56.65112,-3.69152
PL1,50.37074,-4.15317
PL10,50.34537,-4.21106
PL11,50.3725,-4.2503
PL12,50.41932,-4.2483
PL13,50.35715,-4.47456
PL14,50.46351,-4.4646
PL15,50.63218,-4.39987
PL16,50.64562,-4.26757
PL17,50.51625,-4.3051
PL18,50.51523,-4.21899
PL19,50.55602,-4.15454
PL2,50.38856,-4.16242
PL20,50.50125,-4.09986
PL21,50.38566,-3.91748
PL22,50.40273,-4.65146
PL23,50.33653,-4.63513
PL24,50.35461,-4.70925
PL25,50.34038,-4.77872
PL26,50.34196,-4.8252
PL27,50.52248,-4.87408
PL28,50.53366,-4.96651
PL29,50.58564,-4.82988
PL3,50.38744,-4.12578
PL30,50.49992,-4.72743
PL31,50.46858,-4.7214
PL32,50.63282,-4.66015
PL33,50.6213,-4.73021
PL34,50.6597,-4.74234
PL35,50.68444,-4.68431
PL4,50.3748,-4.12803
PL5,50.41008,-4.16621
PL6,50.4173,-4.11586
PL7,50.3916,-4.04436
PL8,50.33548,-4.01243
PL9,50.35394,-4.08773
PO1,50.79903,-1.08749
PO10,50.85074,-0.92878
PO11,50.7918,-0.97553
PO12,50.79764,-1.14144
PO13,50.81229,-1.17808
PO14,50.83685,-1.21884
PO15,50.86203,-1.21842
PO16,50.84993,-1.15895
PO17,50.88957,-1.16819
PO18,50.86403,-0.81478
PO19,50.83756,-0.7771
PO2,50.81603,-1.07722
PO20,50.78278,-0.78563
PO21,50.78362,-0.69622
PO22,50.79835,-0.64756
PO3,50.81589,-1.05877
PO30,50.69085,-1.3133
PO31,50.75286,-1.30531
PO32,50.75091,-1.27982
PO33,50.72139,-1.16976
PO34,50.71557,-1.11178
PO35,50.68657,-1.08401
PO36,50.65748,-1.1624
PO37,50.63151,-1.177
PO38,50.60406,-1.24108
PO39,50.68027,-1.53853
PO4,50.78983,-1.06213
PO40,50.68199,-1.52011
PO41,50.69979,-1.47744
PO5,50.78821,-1.08486
PO6,50.84564,-1.06811
PO7,50.88227,-1.03753
PO8,50.91084,-1.01275
PO9,50.86291,-0.9825
PR1,53.75779,-2.70082
PR2,53.77753,-2.70722
PR25,53.69402,-2.69219
PR26,53.68743,-2.74054
PR3,53.86826,-2.71636
PR4,53.75335,-2.83271
PR5,53.73107,-2.65641
PR6,53.66749,-2.61001
PR7,53.6448,-2.65205
PR8,53.62613,-3.01016
PR9,53.65974,-2.96859
RG1,51.45366,-0.96942
RG10,51.48055,-0.86224
RG12,51.40655,-0.74904
RG14,51.39957,-1.32143
RG17,51.43998,-1.48775
RG18,51.43326,-1.2418
RG19,51.39368,-1.24102
RG2,51.42655,-0.95421
RG20,51.40325,-1.33575
RG21,51.2658,-1.08974
RG22,51.24986,-1.12159
RG23,51.26083,-1.14574
RG24,51.28094,-1.0708
RG25,51.22767,-1.16211
RG26,51.34966,-1.11824
RG27,51.29963,-0.94132
RG28,51.23327,-1.33391
RG29,51.24751,-0.94538
RG30,51.45133,-1.01265
RG31,51.45607,-1.04134
RG4,51.48063,-0.96882
RG40,51.39933,-0.83406
RG41,51.41574,-0.85666
RG42,51.42729,-0.75423
RG45,51.37471,-0.8002
RG5,51.45219,-0.90612
RG6,51.43893,-0.9309
RG7,51.3979,-1.07706
RG8,51.50513,-1.10516
RG9,51.54407,-0.92267
RH1,51.23683,-0.15623
RH10,51.11724,-0.15813
RH11,51.11079,-0.20554
RH12,51.07579,-0.33254
RH13,51.03701,-0.32537
RH14,51.03197,-0.48245
RH15,50.95675,-0.13316
RH16,51.00204,-0.09713
RH17,51.02122,-0.11488
RH18,51.09702,0.03104
RH19,51.12474,-0.01205
RH2,51.23485,-0.20215
RH20,50.93647,-0.4699
RH3,51.23242,-0.2796
RH4,51.22871,-0.33418
RH5,51.19463,-0.34113
RH6,51.17126,-0.1617
RH7,51.17427,-0.01564
RH8,51.2513,0.00344
RH9,51.23543,-0.06889
RM1,51.58175,0.18395
RM10,51.54443,0.15909
RM11,51.56939,0.21944
RM12,51.55251,0.20852
RM13,51.52397,0.19561
RM14,51.55593,0.26496
RM15,51.508,0.27843
RM16,51.49148,0.341
RM17,51.4791,0.33029
RM18,51.46646,0.37716
RM19,51.4825,0.24835
RM2,51.5832,0.20279
RM20,51.47812,0.28847
RM3,51.60163,0.22679
RM4,51.63255,0.16038
RM5,51.59917,0.16602
RM6,51.57549,0.13313
RM7,51.5748,0.17063
RM8,51.55662,0.13225
RM9,51.54036,0.13582
S1,53.3802,-1.46777
S10,53.37681,-1.51742
S11,53.36148,-1.50557
S12,53.34844,-1.40507
S13,53.36451,-1.3823
S14,53.34592,-1.44266
S17,53.32111,-1.52556
S18,53.29931,-1.47178
S2,53.36932,-1.44686
S20,53.33467,-1.35119
S21,53.31213,-1.33802
S25,53.36891,-1.21389
S26,53.35678,-1.28624
S3,53.38741,-1.47219
S32,53.29454,-1.63839
S33,53.3415,-1.72061
S35,53.45763,-1.49542
S36,53.50302,-1.61249
S4,53.399,-1.44949
S40,53.23356,-1.44562
S41,53.24696,-1.42746
S42,53.20019,-1.42209
S43,53.2672,-1.34172
S44,53.22478,-1.31241
S45,53.16602,-1.42106
S5,53.42152,-1.46124
S6,53.40195,-1.50962
S60,53.41376,-1.34698
S61,53.44367,-1.3932
S62,53.465,-1.34619
S63,53.51794,-1.32879
S64,53.4908,-1.29907
S65,53.43518,-1.31955
S66,53.42033,-1.24153
S7,53.35422,-1.48913
S70,53.54114,-1.4733
S71,53.57342,-1.45629
S72,53.57851,-1.39127
S73,53.52458,-1.39355
S74,53.50053,-1.43913
S75,53.56201,-1.51985
S8,53.33978,-1.47578
S80,53.29205,-1.14928
S81,53.3377,-1.12134
S9,53.39794,-1.41641
SA1,51.62742,-3.93905
SA10,51.68722,-3.79836
SA11,51.67428,-3.76168
SA12,51.60725,-3.79375
SA13,51.60559,-3.72436
SA14,51.73245,-4.10721
SA15,51.69989,-4.16648
SA16,51.68922,-4.25569
SA17,51.7579,-4.2852
SA18,51.79798,-3.95796
SA19,51.95284,-3.94723
SA2,51.62021,-3.99364
SA20,52.01025,-3.78651
SA3,51.57965,-4.05105
SA31,51.85639,-4.30762
SA32,51.88597,-4.17106
SA33,51.85022,-4.4351
SA34,51.85258,-4.61822
SA35,51.97349,-4.55974
SA36,51.95717,-4.60684
SA37,52.01684,-4.59282
SA38,52.0401,-4.47312
SA39,52.01955,-4.24166
SA4,51.67054,-4.04792
SA40,52.08378,-4.17335
SA41,51.99718,-4.70679
SA42,52.01534,-4.8522
SA43,52.08619,-4.62896
SA44,52.08625,-4.37201
SA45,52.20794,-4.358
SA46,52.23254,-4.24945
SA47,52.19028,-4.29561
SA48,52.14338,-4.11048
SA5,51.64851,-3.96886
SA6,51.67539,-3.92084
SA61,51.79916,-4.97345
SA62,51.84093,-5.06333
SA63,51.87409,-4.85342
SA64,52.00147,-5.01162
SA65,51.98818,-4.96848
SA66,51.88121,-4.74342
SA67,51.78165,-4.73157
SA68,51.72867,-4.76603
SA69,51.71029,-4.70555
SA7,51.6615,-3.88989
SA70,51.67176,-4.73797
SA71,51.66716,-4.92863
SA72,51.6913,-4.93453
SA73,51.71634,-5.01146
SA8,51.72153,-3.8475
SA9,51.78122,-3.76729
SE1,51.49838,-0.08949
SE10,51.48162,-0.00089
SE11,51.4888,-0.10862
SE12,51.4443,0.02483
SE13,51.45837,-0.0091
SE14,51.47511,-0.0415
SE15,51.47189,-0.06468
SE16,51.49597,-0.05213
SE17,51.48764,-0.09282
SE18,51.48391,0.07412
SE19,51.41735,-0.08424
SE2,51.48943,0.11759
SE20,51.41151,-0.05716
SE21,51.43807,-0.08626
SE22,51.45401,-0.07119
SE23,51.44015,-0.04875
SE24,51.45446,-0.09853
SE25,51.39742,-0.07501
SE26,51.42674,-0.05364
SE27,51.43022,-0.10097
SE28,51.50219,0.10809
SE3,51.46866,0.02015
SE4,51.46058,-0.03348
SE5,51.47322,-0.09055
SE6,51.43777,-0.01432
SE7,51.48369,0.03521
SE8,51.48118,-0.02828
SE9,51.44465,0.05651
SG1,51.91103,-0.19417
SG10,51.8446,0.07178
SG11,51.88125,0.03278
SG12,51.81375,-0.01669
SG13,51.78673,-0.06863
SG14,51.80688,-0.09098
SG15,52.01276,-0.26149
SG16,52.01507,-0.29638
SG17,52.03445,-0.33063
SG18,52.08208,-0.26609
SG19,52.13925,-0.24049
SG2,51.8962,-0.16569
SG3,51.86046,-0.18022
SG4,51.921,-0.25922
SG5,51.96727,-0.28654
SG6,51.97888,-0.22057
SG7,52.00335,-0.17443
SG8,52.06369,-0.01293
SG9,51.9458,-0.00796
SK1,53.40736,-2.15044
SK10,53.27793,-2.12899
SK11,53.24646,-2.14238
SK12,53.35169,-2.09165
SK13,53.4479,-1.96386
SK14,53.45149,-2.05422
SK15,53.48655,-2.04672
SK16,53.47395,-2.08137
SK17,53.24378,-1.87861
SK2,53.3948,-2.13235
SK22,53.3724,-1.98497
SK23,53.32744,-1.94895
SK3,53.39835,-2.16996
SK4,53.41901,-2.17908
SK5,53.43433,-2.15204
SK6,53.40563,-2.07973
SK7,53.36962,-2.14129
SK8,53.37941,-2.20748
SK9,53.32723,-2.22975
SL0,51.52431,-0.51371
SL1,51.51751,-0.61916
SL2,51.5335,-0.60281
SL3,51.49961,-0.55198
SL4,51.4753,-0.62475
SL5,51.40468,-0.66138
SL6,51.52231,-0.72569
SL7,51.57411,-0.7762
SL8,51.57786,-0.70682
SL9,51.59677,-0.55467
SM1,51.36599,-0.19127
SM2,51.35258,-0.19611
SM3,51.36992,-0.21267
SM4,51.39219,-0.19886
SM5,51.36741,-0.16679
SM6,51.35984,-0.14267
SM7,51.32296,-0.20014
SN1,51.55689,-1.77351
SN10,51.33589,-1.98708
SN11,51.43931,-1.99856
SN12,51.37178,-2.13649
SN13,51.42383,-2.21001
SN14,51.47511,-2.1944
SN15,51.47255,-2.0792
SN16,51.59304,-2.08951
SN2,51.57939,-1.78206
SN25,51.5911,-1.79644
SN26,51.61086,-1.78335
SN3,51.56132,-1.74319
SN4,51.53089,-1.81978
SN5,51.56509,-1.83696
SN6,51.62067,-1.74141
SN7,51.64892,-1.56345
SN8,51.40741,-1.6851
SN9,51.324,-1.78614
SO14,50.90805,-1.39546
SO15,50.91629,-1.42381
SO16,50.93521,-1.43069
SO17,50.92603,-1.3938
SO18,50.92405,-1.35968
SO19,50.90244,-1.35429
SO20,51.11361,-1.50422
SO21,51.07488,-1.31334
SO22,51.06509,-1.33204
SO23,51.06765,-1.30774
SO24,51.08367,-1.14615
SO30,50.91924,-1.30568
SO31,50.86882,-1.29506
SO32,50.9474,-1.20845
SO40,50.91484,-1.50065
SO41,50.75502,-1.56473
SO42,50.80976,-1.53442
SO43,50.88729,-1.58341
SO45,50.84778,-1.3934
SO50,50.9689,-1.33912
SO51,50.994,-1.50407
SO52,50.97663,-1.44015
SO53,50.98442,-1.38022
SP1,51.074,-1.78873
SP10,51.21065,-1.48314
SP11,51.22696,-1.51303
SP2,51.07406,-1.82441
SP3,51.10117,-2.00571
SP4,51.16479,-1.764
SP5,51.02271,-1.77185
SP6,50.93553,-1.80074
SP7,51.0039,-2.18245
SP8,51.03696,-2.28956
SP9,51.23018,-1.66053
SR1,54.90695,-1.37919
SR2,54.88716,-1.37638
SR3,54.87747,-1.41549
SR4,54.90088,-1.42451
SR5,54.92334,-1.42419
SR6,54.9348,-1.37876
SR7,54.83046,-1.36168
SR8,54.7665,-1.33471
SR9,54.90243,-1.37458
SS0,51.54602,0.69146
SS1,51.53697,0.73275
SS11,51.6151,0.53807
SS12,51.60556,0.52164
SS13,51.57433,0.50981
SS14,51.57507,0.47521
SS15,51.57687,0.432
SS16,51.56201,0.4543
SS17,51.52093,0.44055
SS2,51.54991,0.71766
SS3,51.54276,0.79224
SS4,51.59406,0.71452
SS5,51.60722,0.6503
SS6,51.58746,0.60872
SS7,51.56202,0.57984
SS8,51.5222,0.59057
SS9,51.55409,0.65298
ST1,53.02616,-2.17148
ST10,52.98942,-1.96275
ST11,52.96693,-2.06552
ST12,52.94795,-2.17117
ST13,53.1009,-2.01793
ST14,52.90304,-1.86767
ST15,52.90033,-2.14719
ST16,52.81315,-2.11871
ST17,52.7889,-2.09936
ST18,52.81408,-2.08161
ST19,52.71243,-2.14656
ST2,53.02711,-2.1357
ST20,52.79854,-2.26255
ST21,52.86777,-2.25851
ST3,52.98037,-2.12214
ST4,52.99468,-2.18328
ST5,53.01526,-2.23703
ST6,53.0576,-2.18951
ST7,53.08802,-2.2658
ST8,53.11517,-2.16735
ST9,53.05052,-2.09847
SW1,51.49558,-0.1386
SW10,51.48365,-0.18086
SW11,51.4663,-0.16427
SW12,51.44536,-0.14784
SW13,51.47473,-0.24458
SW14,51.46514,-0.26511
SW15,51.45734,-0.22509
SW16,51.42165,-0.12722
SW17,51.4303,-0.16283
SW18,51.4496,-0.18941
SW19,51.42284,-0.20341
SW1A,51.50265,-0.13111
SW1E,51.49737,-0.13853
SW1H,51.49818,-0.13273
SW1P,51.49548,-0.13284
SW1V,51.49016,-0.13738
SW1W,51.49302,-0.14735
SW1X,51.4976,-0.15293
SW1Y,51.50539,-0.13388
SW2,51.44939,-0.11889
SW20,51.41058,-0.22547
SW3,51.48969,-0.16477
SW4,51.46045,-0.13571
SW5,51.49005,-0.18781
SW6,51.47675,-0.19986
SW7,51.49614,-0.1746
SW8,51.47566,-0.13077
SW9,51.46907,-0.11232
SY1,52.7228,-2.74039
SY10,52.83579,-3.12089
SY11,52.8663,-3.02808
SY12,52.90335,-2.89364
SY13,52.95147,-2.68921
SY14,53.02924,-2.76203
SY15,52.55518,-3.12995
SY16,52.52004,-3.31183
SY17,52.51644,-3.46501
SY18,52.44076,-3.54784
SY19,52.57388,-3.61156
SY2,52.70669,-2.72827
SY20,52.61405,-3.81838
SY21,52.65784,-3.20505
SY22,52.75604,-3.18553
SY23,52.38184,-4.05129
SY24,52.47045,-4.02302
SY25,52.2381,-3.93626
SY3,52.69923,-2.76959
SY4,52.79556,-2.75052
SY5,52.65299,-2.82791
SY6,52.53906,-2.79038
SY7,52.42508,-2.88688
SY8,52.36523,-2.69474
SY9,52.49803,-2.98558
TA1,51.01234,-3.10203
TA10,51.03262,-2.82438
TA11,51.06039,-2.70214
TA12,50.97452,-2.77207
TA13,50.94638,-2.81004
TA14,50.94588,-2.75024
TA15,50.95058,-2.71757
TA16,50.90693,-2.79229
TA17,50.90753,-2.83497
TA18,50.88269,-2.78619
TA19,50.93392,-2.91373
TA2,51.03303,-3.10109
TA20,50.87329,-2.96087
TA21,50.97673,-3.24507
TA22,51.0451,-3.54509
TA23,51.16171,-3.3516
TA24,51.18137,-3.50957
TA3,50.99403,-3.03889
TA4,51.07092,-3.26758
TA5,51.14633,-3.10379
TA6,51.12479,-2.99895
TA7,51.12999,-2.91187
TA8,51.24445,-2.99294
TA9,51.22588,-2.9553
TD1,55.6239,-2.80997
TD10,55.71203,-2.44887
TD11,55.78792,-2.31578
TD12,55.65331,-2.2384
TD13,55.92975,-2.36975
TD14,55.86735,-2.12305
TD15,55.74699,-2.01275
TD2,55.733,-2.7533
TD3,55.70073,-2.57127
TD4,55.64182,-2.67051
TD5,55.58723,-2.41571
TD6,55.58238,-2.6933
TD7,55.53631,-2.87156
TD8,55.47531,-2.54111
TD9,55.39766,-2.77533
TF1,52.70246,-2.50323
TF10,52.76943,-2.38541
TF11,52.66253,-2.35933
TF12,52.61175,-2.48003
TF13,52.57803,-2.5815
TF2,52.70002,-2.43956
TF3,52.66404,-2.44363
TF4,52.66125,-2.46726
TF5,52.7149,-2.53594
TF6,52.7355,-2.55397
TF7,52.63525,-2.44925
TF8,52.62974,-2.47875
TF9,52.8977,-2.46832
TN1,51.1349,0.27002
TN10,51.21013,0.28661
TN11,51.20597,0.26922
TN12,51.17194,0.44067
TN13,51.27593,0.18519
TN14,51.29525,0.16172
TN15,51.29951,0.26953
TN16,51.29362,0.05262
TN17,51.0961,0.5381
TN18,51.04328,0.52665
TN19,51.00262,0.40754
TN2,51.13726,0.28729
TN20,51.02633,0.25615
TN21,50.95871,0.26427
TN22,50.98067,0.10005
TN23,51.13902,0.86075
TN24,51.14917,0.88712
TN25,51.14426,0.93972
TN26,51.09988,0.80547
TN27,51.16519,0.70642
TN28,50.98202,0.95226
TN29,50.99327,0.93444
TN3,51.12265,0.25227
TN30,51.06195,0.69753
TN31,50.96233,0.68748
TN32,50.9793,0.4904
TN33,50.91032,0.47676
TN34,50.86393,0.58374
TN35,50.88036,0.61309
TN36,50.92061,0.70216
TN37,50.87168,0.55858
TN38,50.86297,0.54531
TN39,50.84602,0.45488
TN4,51.1459,0.25912
TN40,50.84449,0.48463
TN5,51.06471,0.36223
TN6,51.05216,0.17464
TN7,51.09204,0.10938
TN8,51.1942,0.07969
TN9,51.19053,0.27705
TQ1,50.47156,-3.52209
TQ10,50.42412,-3.81906
TQ11,50.48137,-3.78179
TQ12,50.52882,-3.61142
TQ13,50.59296,-3.71817
TQ14,50.55002,-3.50626
TQ2,50.47398,-3.54331
TQ3,50.44298,-3.57469
TQ4,50.42326,-3.56982
TQ5,50.39151,-3.52234
TQ6,50.34655,-3.58837
TQ7,50.28256,-3.78278
TQ8,50.23686,-3.77125
TQ9,50.41619,-3.68924
TR1,50.26241,-5.05347
TR10,50.16624,-5.11736
TR11,50.14907,-5.08684
TR12,50.0431,-5.17923
TR13,50.10945,-5.28435
TR14,50.20987,-5.29686
TR15,50.23225,-5.23669
TR16,50.23272,-5.21988
TR17,50.12482,-5.46735
TR18,50.1163,-5.54089
TR19,50.10012,-5.62783
TR2,50.25334,-4.95186
TR20,50.13138,-5.48882
TR21,49.92936,-6.25622
TR22,49.89192,-6.34346
TR23,49.95281,-6.35174
TR24,49.95528,-6.33383
TR25,49.96401,-6.29276
TR26,50.20276,-5.4786
TR27,50.18162,-5.4028
TR3,50.21684,-5.10944
TR4,50.28359,-5.13626
TR5,50.30819,-5.19127
TR6,50.34167,-5.15134
TR7,50.41304,-5.073
TR8,50.39869,-5.03689
TR9,50.41387,-4.93648
TS1,54.57179,-1.23733
TS10,54.60656,-1.06791
TS11,54.58734,-1.02501
TS12,54.56258,-0.96528
TS13,54.54989,-0.85427
TS14,54.53189,-1.06034
TS15,54.49144,-1.32992
TS16,54.52393,-1.35257
TS17,54.53713,-1.30289
TS18,54.56241,-1.32257
TS19,54.57781,-1.34398
TS2,54.58436,-1.23555
TS20,54.58572,-1.3129
TS21,54.62676,-1.42529
TS22,54.61809,-1.3139
TS23,54.60803,-1.28465
TS24,54.69655,-1.21016
TS25,54.66338,-1.22321
TS26,54.68768,-1.22895
TS27,54.72309,-1.28728
TS28,54.72536,-1.37265
TS29,54.71032,-1.41945
TS3,54.56073,-1.19578
TS4,54.55551,-1.22217
TS5,54.5512,-1.25008
TS6,54.56583,-1.15236
TS7,54.53369,-1.18394
TS8,54.52141,-1.23054
TS9,54.46614,-1.16368
TW1,51.44982,-0.3247
TW10,51.44949,-0.30168
TW11,51.42653,-0.33131
TW12,51.42166,-0.36888
TW13,51.43828,-0.39995
TW14,51.45202,-0.41818
TW15,51.43002,-0.45491
TW16,51.4151,-0.41514
TW17,51.39753,-0.44594
TW18,51.428,-0.50677
TW19,51.45221,-0.50166
TW2,51.44657,-0.34929
TW20,51.42674,-0.54997
TW3,51.46742,-0.36149
TW4,51.46593,-0.38314
TW5,51.48029,-0.3812
TW6,51.46948,-0.44638
TW7,51.47331,-0.33248
TW8,51.48552,-0.30611
TW9,51.46736,-0.29382
UB1,51.51435,-0.37278
UB10,51.5478,-0.45236
UB11,51.51909,-0.45766
UB2,51.49915,-0.37909
UB3,51.50513,-0.42211
UB4,51.52381,-0.40704
UB5,51.54315,-0.37464
UB6,51.53911,-0.34306
UB7,51.50576,-0.46964
UB8,51.53458,-0.473
UB9,51.58157,-0.49019
W1,51.51452,-0.14215
W10,51.52103,-0.21397
W11,51.51189,-0.20424
W12,51.50777,-0.2289
W13,51.5127,-0.31951
W14,51.49488,-0.20923
W1B,51.51357,-0.13931
W1C,51.51371,-0.14795
W1D,51.51344,-0.13066
W1F,51.51261,-0.13502
W1G,51.51818,-0.14633
W1H,51.51659,-0.15936
W1J,51.50735,-0.14388
W1K,51.51104,-0.1495
W1M,51.51823,-0.14921
W1S,51.5109,-0.14086
W1T,51.5198,-0.13473
W1U,51.51827,-0.15209
W1W,51.51897,-0.13909
W2,51.51508,-0.17816
W3,51.50925,-0.26775
W4,51.49118,-0.26268
W5,51.51243,-0.30078
W6,51.49246,-0.22805
W7,51.5111,-0.33398
W8,51.50003,-0.19317
W9,51.52607,-0.1907
WA1,53.39442,-2.5685
WA10,53.45362,-2.75454
WA11,53.47721,-2.71879
WA12,53.45343,-2.63104
WA13,53.38226,-2.46911
WA14,53.38624,-2.35788
WA15,53.38364,-2.32478
WA16,53.3026,-2.37068
WA2,53.41054,-2.58075
WA3,53.45384,-2.54821
WA4,53.36472,-2.57412
WA5,53.39857,-2.63624
WA6,53.27222,-2.72285
WA7,53.32987,-2.7028
WA8,53.37189,-2.74107
WA9,53.43676,-2.71811
WC1,51.52139,-0.12169
WC1A,51.51694,-0.12475
WC1B,51.51876,-0.12612
WC1E,51.52065,-0.13181
WC1H,51.52415,-0.1259
WC1N,51.52136,-0.12025
WC1R,51.5186,-0.11604
WC1V,51.51685,-0.11899
WC1X,51.52489,-0.11578
WC2,51.51332,-0.12346
WC2A,51.51588,-0.11471
WC2B,51.5151,-0.12195
WC2E,51.51242,-0.1235
WC2H,51.51339,-0.12778
WC2N,51.50975,-0.12505
WC2R,51.51145,-0.11921
WD1,51.64692,-0.39984
WD17,51.66138,-0.40512
WD18,51.64801,-0.41426
WD19,51.6315,-0.39027
WD2,51.6673,-0.37743
WD23,51.64554,-0.3652
WD24,51.67027,-0.39757
WD25,51.68363,-0.38842
WD3,51.6453,-0.48085
WD4,51.70882,-0.45556
WD5,51.7047,-0.41662
WD6,51.65684,-0.27514
WD7,51.68611,-0.30876
WF1,53.68684,-1.49117
WF10,53.72388,-1.3437
WF11,53.71078,-1.25602
WF12,53.68373,-1.61992
WF13,53.69279,-1.64559
WF14,53.68034,-1.69263
WF15,53.70822,-1.69849
WF16,53.70994,-1.66817
WF17,53.71885,-1.64082
WF2,53.67254,-1.51102
WF3,53.72294,-1.52408
WF4,53.64741,-1.51888
WF5,53.67998,-1.57605
WF6,53.69997,-1.41375
WF7,53.66639,-1.35065
WF8,53.68497,-1.29887
WF9,53.60599,-1.31983
WN1,53.55414,-2.6265
WN2,53.53639,-2.58248
WN3,53.52888,-2.64423
WN4,53.49473,-2.64221
WN5,53.53135,-2.68501
WN6,53.57369,-2.66908
WN7,53.49803,-2.51712
WN8,53.55242,-2.76838
WR1,52.19713,-2.21656
WR10,52.11459,-2.06426
WR11,52.09481,-1.92847
WR12,52.04261,-1.87314
WR13,52.09433,-2.34161
WR14,52.11328,-2.31839
WR15,52.30476,-2.56764
WR2,52.18989,-2.24139
WR3,52.21603,-2.21079
WR4,52.20438,-2.1844
WR5,52.17738,-2.19891
WR6,52.22732,-2.37045
WR7,52.19642,-2.05268
WR8,52.08207,-2.20287
WR9,52.26826,-2.15682
WS1,52.57945,-1.97786
WS10,52.56057,-2.02065
WS11,52.68914,-2.01776
WS12,52.70623,-1.99852
WS13,52.6917,-1.818
WS14,52.66292,-1.81368
WS15,52.75834,-1.91701
WS2,52.58845,-2.00148
WS3,52.61812,-1.98966
WS4,52.60552,-1.95865
WS5,52.56776,-1.95869
WS6,52.65767,-2.02218
WS7,52.68012,-1.91272
WS8,52.64597,-1.93348
WS9,52.6091,-1.91729
WV1,52.58569,-2.11514
WV10,52.61716,-2.11227
WV11,52.61,-2.07089
WV12,52.60552,-2.03987
WV13,52.58484,-2.06052
WV14,52.55695,-2.07818
WV15,52.51593,-2.37435
WV16,52.5112,-2.44062
WV2,52.574,-2.11806
WV3,52.57936,-2.15054
WV4,52.56229,-2.14163
WV5,52.53342,-2.20936
WV6,52.5955,-2.18161
WV7,52.63309,-2.27043
WV8,52.62337,-2.1832
WV9,52.63332,-2.14039
YO1,53.95857,-1.0809
YO10,53.95031,-1.05822
YO11,54.26511,-0.39535
YO12,54.27356,-0.42267
YO13,54.28798,-0.49587
YO14,54.19903,-0.29672
YO15,54.0939,-0.17715
YO16,54.09514,-0.20004
YO17,54.13631,-0.75397
YO18,54.2587,-0.76717
YO19,53.91046,-1.02105
YO21,54.47654,-0.71123
YO22,54.45038,-0.62104
YO23,53.92562,-1.12122
YO24,53.94624,-1.11469
YO25,54.00465,-0.41302
YO26,53.97452,-1.17204
YO30,53.98579,-1.11385
YO31,53.96923,-1.06389
YO32,54.01143,-1.05837
YO41,53.96966,-0.90227
YO42,53.92274,-0.7908
YO43,53.84976,-0.68952
YO51,54.08182,-1.37628
YO60,54.08237,-0.94057
YO61,54.11579,-1.1937
YO62,54.24282,-0.99325
YO7,54.2237,-1.3496
YO8,53.7813,-1.05745
ZE1,60.15232,-1.16779
ZE2,60.33047,-1.22484
ZE3,59.88369,-1.30316